Date,50,Auto,Bank,CnsrDur,FinSer,FMCG,Healthcare,IT,Media,Metal,Oil&Gas,Pharma,Realty
2019-08-02,10997.35,6933.75,28204.95,14267.26,12500.5,28930.75,4607.26,15422.1,1870.65,2459.1,4486.45,7868.2,262.6
2019-08-05,10862.6,6844.6,27648.05,14072.38,12329.55,28777.55,4576.69,15518.55,1807.5,2415.35,4387.46,7807.95,257.9
2019-08-06,10948.25,6942.45,28022.1,14306.09,12521.35,28847.35,4592.21,15514.8,1786.1,2448.05,4382.02,7818.5,262.45
2019-08-07,10855.5,6792.6,27702.05,14239.55,12411.65,28814.55,4619.44,15583.35,1819.9,2389.45,4314.32,7879.75,258.7
2019-08-08,11032.45,6998.45,28110.45,14390.18,12581.2,29131.8,4666.09,15867.95,1845.5,2418.8,4406.71,7964.8,263.5
2019-08-09,11109.65,7137.4,28431.9,14563.0,12774.85,29302.2,4656.46,15821.35,1832.75,2398.0,4421.02,7924.05,265.65
2019-08-13,10925.85,6855.75,27729.1,14517.11,12394.0,28728.5,4612.79,15424.4,1811.55,2355.9,4528.02,7851.95,263.0
2019-08-14,11029.4,6919.05,28019.2,14586.54,12509.6,28839.6,4574.23,15466.25,1861.5,2411.05,4579.23,7744.3,264.35
2019-08-16,11047.8,6998.45,28217.0,14491.0,12543.7,28889.95,4561.06,15365.35,1859.1,2402.05,4577.13,7684.3,265.1
2019-08-19,11053.9,6959.15,28186.1,14708.99,12532.4,28837.5,4588.48,15415.15,1871.4,2391.35,4566.37,7741.35,266.75
2019-08-20,11017.0,7040.5,27982.45,14802.74,12450.4,28669.85,4589.54,15597.75,1866.05,2351.15,4527.8,7749.7,263.8
2019-08-21,10918.7,7001.85,27719.05,14543.63,12356.45,28399.1,4547.11,15578.15,1839.05,2283.2,4456.28,7677.25,258.55
2019-08-22,10741.35,6882.1,27034.2,14491.82,12049.9,28396.15,4542.81,15632.0,1782.4,2203.6,4349.62,7670.85,242.6
2019-08-23,10829.35,6988.35,26958.65,14532.65,12080.3,28257.1,4593.2,15816.6,1856.9,2278.65,4477.84,7780.55,244.55
2019-08-26,11057.85,7022.75,27951.35,14727.37,12563.65,28707.8,4621.29,15890.2,1922.85,2256.65,4525.86,7824.3,253.7
2019-08-27,11105.35,7152.95,28126.15,14920.29,12646.35,28927.25,4620.4,15675.3,1919.35,2303.9,4591.0,7812.1,256.6
2019-08-28,11046.1,7018.55,27804.3,14858.05,12575.25,28815.0,4586.09,15879.9,1921.3,2226.45,4554.22,7738.65,262.7
2019-08-29,10948.3,6970.15,27305.2,14833.63,12341.1,28751.8,4666.07,15884.55,1892.15,2254.35,4543.07,7912.5,263.8
2019-08-30,11023.25,7009.3,27427.85,15001.66,12418.15,29257.35,4750.14,16010.4,1914.65,2289.95,4546.24,8072.05,267.2
2019-09-03,10797.9,6897.75,26824.15,14646.98,12134.95,28766.9,4707.36,15984.85,1865.0,2218.95,4426.52,7976.45,261.15
2019-09-04,10844.65,6782.05,27123.85,14444.82,12260.35,28725.65,4701.91,16032.5,1853.85,2254.65,4452.79,7967.65,260.7
2019-09-05,10847.9,6921.75,26919.7,14561.29,12122.75,28710.0,4757.29,16030.95,1883.35,2313.6,4538.48,8071.75,256.0
2019-09-06,10946.2,7102.45,27247.9,14754.72,12235.9,28649.75,4759.07,16034.55,1905.85,2357.7,4585.46,8068.75,254.3
2019-09-09,11003.05,7165.35,27504.65,14868.84,12341.9,28845.65,4766.32,15919.4,1912.05,2360.05,4602.36,8077.9,256.0
2019-09-11,11035.7,7423.6,27776.2,14956.87,12382.1,28759.35,4771.11,15701.8,1911.5,2414.55,4601.09,8082.9,266.6
2019-09-12,10982.8,7284.0,27818.5,14902.29,12422.25,28575.2,4773.85,15583.25,1902.7,2410.6,4550.27,8102.15,264.25
2019-09-13,11075.9,7360.6,28098.75,15120.03,12513.0,28592.05,4743.41,15722.9,1917.0,2444.1,4659.03,8033.05,268.1
2019-09-16,11003.5,7300.65,27855.0,15259.08,12397.7,28751.75,4757.21,15743.15,1922.45,2440.55,4593.36,8070.65,265.55
2019-09-17,10817.6,7020.75,27131.75,15169.59,12111.05,28675.3,4680.45,15625.65,1876.15,2375.85,4530.93,7933.85,255.65
2019-09-18,10840.65,7012.1,27172.65,15229.18,12116.2,28752.15,4688.02,15702.3,1867.95,2402.65,4570.06,7923.45,259.4
2019-09-19,10704.8,6920.6,26757.65,15086.7,12001.25,28575.6,4623.0,15522.45,1785.65,2363.45,4480.35,7799.6,255.4
2019-09-20,11274.2,7605.85,28981.55,16246.55,12859.85,29835.35,4729.06,15491.05,1845.85,2497.65,4746.54,7983.55,265.3
2019-09-23,11600.2,7802.65,30566.2,16781.25,13560.25,31120.1,4674.92,15040.65,1858.95,2526.2,4857.26,7857.25,272.8
2019-09-24,11588.2,7773.25,30183.1,16779.63,13398.35,31312.4,4688.73,15338.65,1862.8,2485.1,4888.38,7891.95,269.2
2019-09-25,11440.2,7470.45,29586.05,16455.82,13141.3,30925.95,4626.99,15379.9,1826.2,2419.75,4877.54,7789.7,260.95
2019-09-26,11571.2,7659.75,30002.6,16593.98,13288.25,31027.7,4656.06,15312.9,1870.95,2520.45,4985.66,7857.3,267.8
2019-09-27,11512.4,7554.25,29876.65,16600.38,13282.65,31026.0,4577.97,15236.4,1838.4,2453.95,4957.83,7695.3,261.7
2019-09-30,11474.45,7493.15,29103.15,16463.1,13017.3,31134.5,4501.91,15540.15,1800.0,2439.85,4993.74,7547.75,258.75
2019-10-01,11359.9,7464.1,28725.5,16435.5,12995.5,30801.35,4454.96,15300.25,1722.15,2397.05,4970.5,7466.45,248.1
2019-10-03,11314.0,7493.75,28414.1,16433.55,12847.75,30791.0,4448.25,15277.95,1771.3,2326.55,5042.6,7461.75,251.2
2019-10-04,11174.75,7404.9,27731.85,16101.34,12593.25,30327.15,4425.58,15340.3,1707.85,2297.2,5015.68,7396.9,248.15
2019-10-07,11126.4,7355.45,27767.55,16185.44,12589.15,30218.1,4311.01,15246.75,1729.6,2269.95,4946.47,7148.95,245.25
2019-10-09,11313.3,7460.75,28785.85,16229.18,12970.45,30269.15,4356.76,15128.75,1734.7,2317.7,4990.28,7235.6,250.25
2019-10-10,11234.55,7359.65,28013.45,16176.09,12721.8,30147.2,4354.78,15093.8,1712.35,2283.35,5022.15,7235.6,244.95
2019-10-11,11305.05,7397.05,28042.5,16228.45,12769.35,30416.2,4380.05,15321.9,1707.25,2337.1,5000.01,7278.45,247.3
2019-10-14,11341.15,7520.35,28181.95,16217.49,12791.2,30591.0,4425.9,15277.75,1718.25,2360.2,5055.85,7361.7,252.05
2019-10-15,11428.3,7688.25,28555.1,16344.44,12904.6,30927.9,4463.52,15208.4,1740.8,2397.05,5097.32,7420.65,253.7
2019-10-16,11464.0,7673.8,28538.8,16391.02,12978.4,30899.0,4484.51,15344.9,1752.25,2388.3,5148.95,7475.35,256.35
2019-10-17,11586.35,7914.0,28989.45,16559.68,13144.75,31331.9,4522.59,15281.9,1780.7,2410.95,5191.32,7533.45,257.85
2019-10-18,11661.85,7964.75,29120.25,16800.42,13213.45,31501.45,4565.22,15410.1,1762.8,2456.0,5249.07,7608.15,262.8
2019-10-22,11588.35,7936.65,29411.15,16945.85,13344.45,31659.4,4633.18,14688.65,1757.1,2442.85,5274.31,7746.15,263.85
2019-10-23,11604.1,8036.6,29459.6,17029.46,13398.65,31899.55,4640.54,14833.35,1735.1,2436.85,5199.12,7761.85,261.55
2019-10-24,11582.6,8012.4,29107.95,17108.06,13334.3,31752.8,4646.54,14781.5,1724.15,2419.55,5208.15,7728.15,263.95
2019-10-25,11583.9,7986.35,29395.95,16853.31,13346.8,31685.6,4654.51,14898.85,1732.35,2410.85,5220.01,7736.55,264.9
2019-10-27,11627.15,8102.0,29516.3,16863.43,13395.4,31803.45,4671.78,14956.4,1744.15,2421.95,5239.15,7743.55,265.0
2019-10-29,11786.85,8449.75,29873.05,16961.23,13516.35,31950.75,4711.96,15181.4,1738.9,2518.3,5314.13,7824.6,267.3
2019-10-30,11844.1,8428.9,29987.5,16935.88,13539.8,32274.1,4712.31,15395.65,1728.9,2514.25,5379.35,7819.35,265.85
2019-10-31,11877.45,8449.5,30066.25,17041.32,13516.45,32319.75,4762.16,15559.4,1786.8,2500.75,5393.62,7878.15,269.0
2019-11-01,11890.6,8392.9,30330.55,16829.93,13585.3,32449.85,4799.87,15471.2,1924.85,2561.75,5360.44,7949.45,271.15
2019-11-04,11941.3,8280.35,30333.1,16805.08,13671.1,32255.7,4801.98,15591.3,1865.95,2642.15,5371.17,7966.85,269.6
2019-11-05,11917.2,8256.15,30219.85,16608.87,13669.4,32361.45,4753.05,15533.45,1839.0,2616.95,5330.21,7879.55,267.7
2019-11-06,11966.05,8258.85,30609.6,16007.63,13828.45,32393.0,4774.58,15561.3,1832.8,2633.45,5315.02,7926.35,274.05
2019-11-07,12012.05,8239.9,30633.15,16154.6,13894.9,32535.9,4808.73,15624.4,1839.2,2659.05,5296.71,7966.0,276.45
2019-11-08,11908.15,8169.65,30749.4,16130.1,13868.65,31947.5,4723.57,15383.3,1825.85,2612.95,5217.89,7787.4,281.05
2019-11-11,11913.45,8159.0,31115.55,16097.96,13969.1,31802.55,4728.59,15308.55,1878.9,2610.1,5242.32,7784.9,283.4
2019-11-13,11840.45,8150.2,30541.55,16056.78,13806.4,31582.45,4664.06,15240.95,1793.85,2556.65,5247.18,7660.45,278.3
2019-11-14,11872.1,8190.9,30749.95,16174.75,13947.35,31439.45,4640.17,15388.75,1791.95,2506.6,5235.08,7591.45,277.65
2019-11-15,11895.45,8153.9,31008.4,16194.55,14021.0,31289.7,4681.21,15310.6,1801.0,2498.8,5221.57,7720.6,276.95
2019-11-18,11884.5,8119.0,30992.1,16187.19,14002.7,31165.25,4740.69,15295.25,1815.7,2539.65,5214.27,7816.55,277.9
2019-11-19,11940.1,8063.95,31236.25,16164.12,14008.9,30972.95,4757.21,15304.85,1804.85,2517.95,5282.18,7851.45,278.05
2019-11-20,11999.1,8083.8,31353.85,16129.33,13982.2,31089.35,4873.48,15318.5,1863.2,2524.9,5363.36,8107.6,273.95
2019-11-21,11968.4,8004.65,31349.95,15914.33,14019.2,30893.55,4857.33,15293.95,1939.15,2470.45,5270.82,8068.95,275.45
2019-11-22,11914.4,8034.95,31111.6,15816.04,13952.1,30809.55,4850.49,14995.9,1978.55,2521.15,5275.07,8067.2,275.85
2019-11-25,12073.75,8174.75,31555.9,16023.58,14155.75,31085.6,4922.22,15100.6,1960.45,2602.0,5289.84,8211.55,280.7
2019-11-26,12037.7,8099.9,31718.35,15918.44,14207.45,31055.35,4906.14,14922.15,1889.35,2580.55,5272.12,8177.85,278.1
2019-11-27,12100.7,8202.85,31875.95,15965.5,14266.05,31221.95,4939.78,15022.15,1881.9,2602.85,5320.81,8246.1,276.3
2019-11-28,12151.15,8179.75,32122.95,16030.17,14287.0,31263.4,4957.92,15121.75,1881.2,2656.85,5356.84,8273.65,279.3
2019-11-29,12056.05,8086.0,31946.1,15977.47,14208.85,30975.5,4928.19,14998.05,1834.9,2625.5,5304.77,8189.95,282.05
2019-12-02,12048.2,8012.75,31871.45,15914.23,14163.05,30889.5,4896.86,14852.0,1826.35,2632.65,5319.31,8128.95,281.05
2019-12-03,11994.2,7964.25,31613.35,15929.51,14140.45,30677.5,4863.51,14920.75,1783.3,2564.2,5276.18,8044.85,284.8
2019-12-04,12043.2,7996.55,31979.3,16099.84,14246.55,30705.55,4911.53,15175.15,1797.6,2604.0,5249.21,8121.5,285.35
2019-12-05,12018.4,7941.8,31712.95,16200.89,14194.05,30795.1,4870.49,15367.5,1850.65,2543.95,5209.26,8051.85,285.85
2019-12-06,11921.5,7806.6,31341.55,16025.01,14041.85,30536.45,4819.6,15289.6,1787.4,2535.85,5174.11,7957.55,283.4
2019-12-09,11937.5,7863.3,31316.65,15999.78,14092.4,30375.0,4810.48,15157.15,1775.8,2551.7,5226.02,7960.35,280.45
2019-12-10,11856.8,7801.35,31160.35,15940.04,14071.6,30059.0,4784.29,14946.5,1741.35,2515.9,5150.36,7940.5,277.9
2019-12-11,11910.15,7838.4,31256.75,15900.43,14166.85,30102.45,4811.5,15130.3,1752.65,2509.55,5192.31,7967.85,280.5
2019-12-12,11971.8,7941.7,31665.45,16012.21,14292.9,30227.95,4846.87,14972.65,1758.1,2568.8,5216.24,8045.35,282.9
2019-12-13,12086.7,8069.7,32014.25,16036.91,14410.45,30426.25,4846.5,15200.55,1765.7,2626.75,5253.96,8045.05,287.65
2019-12-16,12053.95,7990.8,31974.2,15879.4,14417.6,30043.1,4838.5,15348.7,1755.0,2591.1,5220.71,8025.85,289.35
2019-12-17,12165.0,8039.9,32140.25,15769.33,14554.5,30182.05,4822.9,15637.15,1772.1,2665.75,5224.26,7999.6,288.6
2019-12-18,12221.65,8082.35,32244.25,15785.33,14618.95,30291.05,4863.77,15710.65,1766.0,2687.65,5222.51,8091.1,290.55
2019-12-19,12259.7,8165.5,32241.45,15800.82,14571.45,30386.1,4860.15,15812.95,1766.45,2691.1,5273.15,8073.05,290.4
2019-12-20,12271.8,8133.55,32384.95,15925.8,14625.8,30356.35,4842.52,15844.55,1787.8,2707.5,5257.95,8049.45,291.95
2019-12-23,12262.75,8180.5,32339.45,16010.85,14648.8,30217.95,4837.84,15865.5,1803.2,2706.35,5225.65,8051.5,290.7
2019-12-24,12214.55,8152.6,32280.75,15991.37,14603.7,30197.55,4844.58,15778.2,1797.3,2723.15,5177.11,8073.8,291.95
2019-12-26,12126.55,8129.65,31997.7,15970.81,14523.7,30063.55,4812.41,15706.45,1797.85,2739.0,5121.9,7997.6,291.4
2019-12-27,12245.8,8205.9,32412.35,15968.77,14679.35,30145.45,4849.9,15780.7,1815.55,2760.35,5193.81,8068.05,296.1
2019-12-30,12255.85,8325.4,32354.9,16064.61,14650.6,30225.35,4855.46,15775.0,1830.3,2796.5,5199.8,8083.1,296.45
2019-12-31,12168.45,8248.3,32161.65,16013.5,14557.4,30121.5,4843.29,15652.4,1803.6,2801.3,5174.19,8040.15,298.55
2020-01-01,12182.5,8210.1,32102.9,15857.59,14574.2,30234.25,4855.19,15722.15,1794.2,2796.05,5173.3,8047.1,297.85
2020-01-02,12282.2,8267.45,32443.85,15902.34,14697.5,30266.2,4874.11,15709.65,1800.65,2869.9,5224.22,8053.95,301.0
2020-01-03,12226.65,8168.15,32069.25,15878.42,14560.7,30109.25,4897.85,15936.6,1760.5,2848.35,5217.22,8111.95,299.65
2020-01-06,11993.05,7978.75,31237.15,15794.34,14202.5,29799.3,4827.43,15879.8,1717.35,2765.75,5099.56,7987.35,292.4
2020-01-07,12052.95,8002.5,31399.4,15788.57,14314.75,29861.8,4855.11,15895.2,1735.15,2785.9,5119.1,8036.5,298.05
2020-01-08,12025.35,7942.75,31373.65,15675.16,14306.65,29893.2,4844.12,15953.45,1726.6,2767.25,5082.28,7996.15,297.05
2020-01-09,12215.9,8155.25,32092.4,15964.86,14590.1,30123.6,4869.15,15925.15,1767.95,2806.8,5165.84,8033.15,305.15
2020-01-10,12256.8,8225.5,32097.4,15985.67,14609.65,30370.45,4890.57,15959.9,1770.65,2840.75,5167.16,8058.5,310.65
2020-01-13,12329.55,8235.85,32177.65,16116.24,14635.05,30713.45,4910.85,16225.9,1784.8,2874.1,5192.69,8078.45,317.15
2020-01-14,12362.3,8289.3,32071.65,16170.25,14667.2,31145.4,4932.75,16362.35,1822.2,2900.65,5196.52,8117.0,316.75
2020-01-15,12343.3,8385.35,31824.9,16314.0,14636.05,31237.1,4964.02,16346.85,1837.0,2921.45,5209.55,8166.2,320.9
2020-01-16,12355.5,8395.9,31853.9,16404.03,14655.35,31338.2,4994.82,16381.65,1863.5,2884.8,5203.19,8203.1,323.8
2020-01-17,12352.35,8427.6,31590.65,16525.16,14561.8,31371.45,5065.12,16356.6,1870.1,2864.65,5242.03,8345.3,324.15
2020-01-20,12224.55,8352.7,31080.65,16469.42,14359.65,31426.75,5036.73,16207.15,1835.7,2835.85,5157.92,8269.35,325.8
2020-01-21,12169.85,8245.9,30947.55,16371.3,14305.7,31145.95,5041.83,16175.2,1876.5,2799.95,5153.74,8274.2,321.15
2020-01-22,12106.9,8169.15,30701.45,16291.87,14178.5,31153.15,5039.42,16334.55,1909.0,2756.75,5089.66,8256.65,320.85
2020-01-23,12180.35,8241.75,31004.05,16539.89,14288.45,31226.9,5072.75,16474.4,1871.85,2769.25,5162.29,8300.2,327.65
2020-01-24,12248.25,8274.85,31241.75,16758.74,14420.4,31474.9,5074.41,16472.75,1889.9,2796.2,5165.39,8294.05,328.65
2020-01-27,12119.0,8258.15,30837.4,16684.57,14234.7,31149.7,5148.93,16393.55,1882.45,2709.75,5128.09,8416.35,326.8
2020-01-28,12055.8,8156.05,30761.4,16603.53,14273.1,31027.05,5134.94,16429.75,1861.0,2642.25,5110.97,8420.25,326.95
2020-01-29,12129.5,8220.4,30877.0,,14346.8,31426.25,5133.47,16479.3,1868.05,2665.85,,8412.8,328.5
2020-01-30,12035.8,8181.45,30647.4,,14289.95,30936.45,5058.12,16327.9,1845.0,2628.9,,8237.05,327.15
2020-01-31,11962.1,8086.55,30833.6,,14316.9,30775.3,5005.26,16144.15,1835.3,2569.0,,8138.6,331.05
2020-02-01,11661.85,7880.3,29820.9,16399.6,13758.85,30196.65,4931.54,16282.65,1755.9,2480.55,4790.21,8013.75,305.0
2020-02-03,11707.9,7988.35,30023.25,16519.69,13822.3,30435.3,4918.75,16059.9,1779.2,2510.95,4803.57,7967.55,310.0
2020-02-04,11979.65,8100.8,30686.7,17020.37,14218.8,30744.0,4973.72,16350.85,1782.2,2594.25,4954.18,8122.4,318.6
2020-02-05,12089.15,8131.7,31001.95,17109.95,14407.8,30934.4,4985.11,16448.55,1764.7,2665.4,5021.57,8125.6,326.4
2020-02-06,12137.95,8142.15,31304.05,16990.11,14545.75,30736.6,5030.03,16371.15,1792.35,2688.75,5064.0,8227.9,326.25
2020-02-07,12098.35,8064.6,31201.95,17143.66,14502.4,30809.5,5113.01,16470.15,1827.25,2710.8,5037.22,8341.85,320.3
2020-02-10,12031.5,7860.55,31058.15,16913.28,14496.75,30528.45,5087.4,16431.9,1798.1,2628.9,4994.88,8261.25,317.1
2020-02-11,12107.9,7892.4,31300.6,16980.1,14589.55,30414.55,5125.06,16452.3,1827.45,2651.75,5020.22,8324.65,317.8
2020-02-12,12201.2,7933.8,31492.9,16956.9,14685.4,30986.25,5106.11,16538.1,1824.2,2668.25,5043.71,8265.05,315.2
2020-02-13,12174.65,7914.9,31230.25,17041.7,14578.85,31039.3,5164.36,16673.05,1834.85,2651.6,5017.05,8335.7,313.8
2020-02-14,12113.45,7822.2,30834.8,17009.46,14477.45,30646.75,5158.42,16642.75,1832.5,2613.6,5000.86,8331.7,310.3
2020-02-17,12045.8,7770.5,30680.7,17189.54,14370.25,30481.05,5075.43,16647.7,1812.25,2586.7,4919.52,8204.85,305.7
2020-02-18,11992.5,7692.3,30562.5,17151.27,14315.7,30360.6,5077.07,16748.75,1845.9,2556.05,4921.62,8198.3,302.85
2020-02-19,12125.9,7687.35,30838.2,17407.09,14520.25,30835.0,5189.0,16772.45,1882.0,2591.05,5006.37,8378.65,306.2
2020-02-20,12080.85,7697.9,30942.85,17312.51,14510.4,30636.25,5198.45,16649.4,1871.7,2612.25,4971.79,8364.35,306.25
2020-02-24,11829.4,7429.1,30455.1,16988.33,14236.15,30147.6,5065.76,16461.8,1829.6,2469.6,4846.22,8115.55,299.75
2020-02-25,11797.9,7366.0,30432.7,16889.86,14236.1,30173.2,4990.29,16562.5,1817.25,2470.35,4780.63,7938.45,302.55
2020-02-26,11678.5,7207.95,30306.85,16767.03,14132.7,29965.55,4939.82,16332.25,1803.9,2430.0,4697.16,7839.2,297.5
2020-02-27,11633.3,7178.85,30187.0,16796.69,14086.05,29981.2,4952.96,16123.8,1760.55,2410.05,4644.55,7885.15,290.3
2020-02-28,11201.75,6903.95,29147.15,16442.28,13566.45,29310.25,4798.08,15212.95,1670.7,2246.05,4487.76,7576.75,280.55
2020-03-02,11132.75,6856.9,28868.4,16398.11,13520.0,29138.9,4779.81,15427.65,1594.7,2197.6,4409.07,7535.1,279.65
2020-03-03,11303.3,6986.65,29177.05,16532.66,13636.95,29406.2,4977.1,15723.2,1647.65,2320.75,4533.21,7920.6,284.15
2020-03-04,11251.0,6938.85,28653.7,16410.79,13439.5,29223.75,5042.4,15864.3,1617.65,2304.3,4506.16,8086.55,281.05
2020-03-05,11269.0,6953.75,28815.35,16529.74,13472.75,29530.5,5075.27,15871.35,1606.3,2284.85,4462.48,8146.0,277.85
2020-03-06,10989.45,6895.0,27801.45,16302.01,13082.5,28937.0,5005.46,15663.45,1527.15,2183.9,4343.43,8018.3,269.75
2020-03-09,10451.45,6632.15,26462.6,15820.99,12522.2,28056.5,4852.26,14854.9,1425.6,2020.05,4059.32,7756.45,260.0
2020-03-11,10458.4,6568.45,26487.8,15685.9,12560.45,28078.75,4794.14,14681.4,1454.3,1986.95,4021.2,7623.05,255.25
2020-03-12,9590.15,6033.4,23971.15,14706.97,11454.8,26083.0,4395.0,13384.8,1304.15,1800.6,3637.84,6942.55,230.3
2020-03-13,9955.2,6182.0,25166.45,14886.46,12101.6,26208.0,4558.89,13539.1,1282.35,1903.35,3825.33,7268.0,235.85
2020-03-16,9197.4,5843.7,23101.15,14031.35,11123.4,24707.65,4390.14,12451.35,1226.05,1730.6,3596.8,6959.35,216.15
2020-03-17,8967.05,5803.85,22155.15,13824.4,10613.6,24929.85,4384.85,12099.25,1153.15,1710.45,3563.51,6979.1,211.0
2020-03-18,8468.8,5516.5,20580.2,13186.71,9800.3,24186.5,4191.19,11753.0,1141.0,1664.2,3445.94,6705.75,197.75
2020-03-19,8263.45,5180.5,20083.5,12601.08,9598.35,23970.75,4125.16,11340.0,1086.9,1574.2,3279.86,6655.5,191.2
2020-03-20,8745.45,5370.15,20317.6,12882.62,9871.95,25931.6,4343.87,12363.4,1128.95,1692.85,3577.14,6951.9,196.4
2020-03-23,7610.25,4626.5,16917.65,11420.93,8298.5,23184.05,4018.85,11179.6,1015.4,1496.45,3158.58,6432.3,174.1
2020-03-24,7801.05,4693.35,17107.3,11376.41,8418.7,23935.3,4107.06,11865.05,1031.7,1502.4,3203.12,6611.05,170.65
2020-03-25,8317.85,4936.15,18481.05,11856.04,9203.3,24471.7,4152.13,12233.35,1055.45,1541.2,3379.32,6695.55,175.1
2020-03-26,8641.45,5061.3,19613.9,12382.57,9698.55,25680.1,4201.71,12535.6,1067.5,1542.95,3437.01,6775.0,185.8
2020-03-27,8660.25,4938.7,19969.0,12468.62,9754.3,25740.45,4209.01,12569.1,1055.4,1554.85,3400.19,6813.05,185.05
2020-03-30,8281.1,4669.15,18782.4,12093.99,9030.65,25831.55,4255.05,12318.8,1021.85,1507.7,3338.22,6896.0,171.6
2020-03-31,8597.75,4731.3,19144.0,12316.12,9317.3,27319.2,4405.76,12763.65,1039.95,1585.9,3615.06,7176.5,175.5
2020-04-01,8253.8,4657.55,18208.35,12232.97,8942.55,26358.8,4319.31,12045.85,1001.25,1553.55,3530.41,7026.7,172.1
2020-04-03,8083.8,4517.75,17249.3,11991.89,8562.1,26537.75,4500.69,11680.05,987.2,1522.9,3588.6,7361.6,172.05
2020-04-07,8792.2,4951.55,19062.5,12602.0,9278.3,28745.3,4914.58,12588.95,1045.5,1637.0,3873.52,8124.85,183.0
2020-04-08,8748.75,5043.6,18946.45,12570.23,9243.45,28839.9,5104.5,12491.55,1064.25,1624.85,3882.02,8412.2,180.5
2020-04-09,9111.9,5568.45,19913.6,13276.73,9803.0,28953.2,5304.16,12728.55,1105.45,1705.45,3984.38,8800.45,185.75
2020-04-13,8993.85,5432.1,19488.0,12832.76,9500.65,28509.85,5394.51,12603.1,1068.55,1738.4,3925.59,9044.35,176.7
2020-04-15,8925.3,5333.0,19057.05,12815.7,9239.35,29686.95,5395.89,12702.6,1078.6,1752.9,3887.01,9038.8,179.95
2020-04-16,8992.8,5394.15,19400.0,12954.94,9392.6,29512.3,5492.92,12463.6,1106.95,1779.75,3958.65,9199.3,181.3
2020-04-17,9266.75,5668.9,20681.45,13051.42,9905.55,29202.35,5446.46,12649.25,1144.4,1816.5,4038.81,9157.75,187.8
2020-04-20,9261.85,5591.0,20522.65,12996.52,9930.65,28598.1,5456.09,12847.65,1137.95,1756.45,4084.05,9149.2,188.9
2020-04-21,8981.45,5294.05,19409.35,12561.03,9468.8,28480.6,5547.46,12408.85,1079.2,1666.6,3965.15,9381.65,185.45
2020-04-22,9187.3,5426.85,19701.85,12747.54,9569.2,29185.15,5544.16,12571.3,1151.0,1673.3,4093.52,9377.0,184.05
2020-04-23,9313.9,5464.75,20267.95,12718.16,9808.95,28786.25,5559.61,13128.2,1163.8,1694.75,4113.49,9388.9,185.45
2020-04-24,9154.4,5377.25,19586.65,12504.0,9431.85,28636.7,5642.06,12816.2,1121.7,1645.2,4123.58,9518.45,177.7
2020-04-27,9282.3,5433.2,20081.15,12661.29,9627.6,29052.55,5717.73,13121.15,1129.1,1666.6,4172.84,9602.05,180.1
2020-04-28,9380.9,5447.1,20671.1,12862.78,9951.2,28778.15,5608.47,13133.65,1134.9,1661.65,4201.18,9386.2,181.5
2020-04-29,9553.35,5543.75,21090.2,12952.62,10292.9,28665.0,5602.5,13424.95,1165.95,1723.8,4247.42,9385.45,183.15
2020-04-30,9859.9,5901.4,21534.5,13317.71,10570.8,28669.3,5572.92,14108.35,1159.75,1859.9,4422.85,9327.1,187.3
2020-05-04,9293.5,5476.2,19743.75,12444.29,9679.95,27599.0,5600.37,13454.25,1108.55,1713.8,4268.75,9364.6,174.3
2020-05-05,9205.6,5451.9,19271.75,12265.82,9483.15,27138.6,5497.17,13388.0,1097.25,1693.65,4286.5,9181.5,169.3
2020-05-06,9270.9,5552.4,19694.55,12268.14,9727.0,26630.2,5505.37,13394.7,1097.5,1697.95,4280.18,9227.15,171.0
2020-05-07,9199.05,5519.0,19491.8,11979.9,9575.75,26254.55,5462.58,13292.7,1097.9,1695.55,4276.78,9148.1,170.65
2020-05-08,9251.5,5447.75,19352.9,11876.44,9559.35,26759.8,5565.44,13403.6,1105.1,1676.55,4326.87,9343.35,169.55
2020-05-11,9239.2,5679.7,18950.5,12007.44,9386.05,26667.8,5548.79,13593.55,1134.95,1697.9,4362.63,9307.3,171.1
2020-05-12,9196.55,5708.95,18862.85,12017.31,9365.85,26857.15,5502.63,13687.75,1154.25,1717.55,4214.45,9246.65,172.45
2020-05-13,9383.55,5844.6,19634.95,12280.65,9679.6,26746.5,5443.85,13776.95,1171.1,1760.6,4272.96,9147.75,178.4
2020-05-14,9142.75,5804.05,19068.5,12101.01,9355.65,26933.65,5466.44,13293.7,1158.4,1715.05,4154.32,9172.2,175.2
2020-05-15,9136.85,5745.7,18833.95,12027.2,9291.6,26958.65,5433.01,13196.35,1137.35,1742.6,4185.22,9093.0,172.5
2020-05-18,8823.25,5430.05,17573.2,11633.16,8675.4,26694.65,5401.78,13314.4,1060.35,1673.5,4033.61,9092.65,163.3
2020-05-19,8879.1,5486.15,17486.25,11664.28,8715.25,26895.75,5404.73,13446.6,1081.55,1693.55,4041.48,9084.6,162.15
2020-05-20,9066.55,5603.8,17840.2,11913.81,8983.5,27290.35,5587.47,13517.35,1107.65,1711.5,4130.93,9456.8,165.75
2020-05-21,9106.25,5749.9,17735.1,11966.74,8924.35,27887.1,5617.55,13647.9,1127.15,1742.9,4160.2,9520.55,165.5
2020-05-22,9039.25,5767.0,17278.9,11871.26,8651.7,27786.1,5650.24,13842.65,1140.15,1710.45,4147.75,9600.65,163.55
2020-05-26,9029.05,5854.3,17440.35,12089.21,8673.65,28122.3,5607.12,13574.95,1137.65,1756.35,4161.79,9483.5,165.5
2020-05-27,9314.95,5896.95,18710.55,12148.61,9181.5,28222.4,5560.56,13952.9,1137.15,1801.25,4213.68,9463.7,168.4
2020-05-28,9490.1,6112.3,19169.8,12400.78,9426.65,28451.6,5555.45,14028.6,1178.35,1844.5,4263.08,9464.5,172.7
2020-05-29,9580.3,6218.8,19297.25,12405.71,9527.05,29296.95,5684.11,14010.5,1177.85,1879.85,4367.34,9768.6,180.1
2020-06-01,9826.15,6419.5,19959.9,13206.75,9873.5,29571.3,5709.97,14307.1,1219.35,1952.5,4448.45,9802.1,185.6
2020-06-02,9979.1,6471.3,20530.2,13500.78,10187.95,29359.85,5739.19,14422.4,1259.4,1956.1,4485.44,9833.6,194.75
2020-06-03,10061.55,6498.65,20940.7,13638.68,10384.5,29527.0,5747.8,14361.7,1267.25,1952.7,4555.77,9864.05,200.85
2020-06-04,10029.1,6511.35,20390.45,13556.08,10110.85,29621.55,5852.43,14627.45,1319.45,1972.9,4607.72,10077.85,197.35
2020-06-05,10142.15,6628.75,21034.5,13691.25,10334.85,29542.0,5848.72,14627.45,1388.9,2049.7,4661.86,10081.3,202.0
2020-06-08,10167.45,6610.55,21187.35,13672.27,10360.2,29502.15,5788.54,14894.6,1365.8,2044.85,4748.41,9939.1,202.65
2020-06-09,10046.65,6577.7,20724.9,13398.73,10163.35,29524.9,5877.34,14737.8,1320.85,2022.5,4661.83,10122.05,202.65
2020-06-10,10116.15,6502.65,21100.1,13436.47,10280.45,29503.2,5904.07,14842.05,1316.4,2010.8,4668.99,10149.25,206.6
2020-06-11,9902.0,6373.6,20525.15,13166.66,10035.7,29092.45,5793.99,14619.45,1298.8,1954.85,4599.94,9933.4,202.3
2020-06-12,9972.9,6559.4,20654.55,13284.43,10111.75,29145.6,5828.15,14402.75,1287.55,1966.1,4662.87,9982.8,204.65
2020-06-15,9813.7,6443.0,19912.9,13032.13,9817.9,28701.8,5833.63,14396.7,1298.8,1928.55,4669.56,9989.05,198.5
2020-06-16,9914.0,6451.05,20296.7,13106.25,10089.95,28575.35,5809.46,14450.8,1314.95,1955.9,4664.53,9926.4,196.85
2020-06-17,9881.15,6503.5,20201.75,13153.61,10007.1,28431.75,5818.74,14478.45,1337.45,1940.45,4666.47,9977.2,198.35
2020-06-18,10091.65,6535.9,20956.3,13205.76,10372.0,28648.7,5818.46,14551.25,1360.65,1998.65,4726.62,9975.3,200.15
2020-06-19,10244.4,6634.5,21338.1,13276.86,10534.75,28709.45,5840.78,14499.8,1387.55,1997.55,4884.04,10002.15,212.95
2020-06-22,10311.2,6729.1,21708.35,13352.48,10662.55,28865.45,5966.27,14463.65,1417.05,2049.8,4901.75,10218.35,215.05
2020-06-23,10471.0,6789.2,22264.9,13492.11,10881.4,29355.2,6051.65,14680.4,1449.2,2085.8,4891.08,10360.8,221.25
2020-06-24,10305.3,6742.8,21426.8,13397.76,10556.7,29487.4,5909.9,14581.45,1406.65,2042.35,4852.4,10110.5,215.4
2020-06-25,10288.9,6737.85,21506.15,13359.51,10585.6,30113.25,5965.24,14411.2,1401.1,2030.8,4816.79,10193.15,213.2
2020-06-26,10383.0,6731.45,21592.05,13370.25,10588.45,29757.05,5930.09,14994.65,1402.1,2043.35,4929.01,10137.85,211.2
2020-06-29,10312.4,6645.85,21359.0,13245.57,10533.2,29971.65,5913.52,14768.0,1367.1,1989.5,4851.81,10135.9,203.7
2020-06-30,10302.1,6719.15,21370.15,13254.86,10561.9,30063.25,5835.13,14754.3,1343.35,1991.35,4787.17,9985.15,202.65
2020-07-01,10430.05,6718.6,21977.6,13198.45,10843.25,30232.5,5779.3,14732.1,1367.65,1997.35,4834.18,9882.85,201.2
2020-07-02,10551.7,6907.1,21953.2,13489.16,10906.75,30316.2,5825.62,15122.55,1373.15,2017.0,4882.42,9943.65,201.05
2020-07-03,10607.35,6971.05,21852.4,13599.0,10870.9,30529.1,5838.11,15285.9,1370.45,2008.5,4933.04,9963.4,203.1
2020-07-06,10763.65,7171.75,22198.95,13776.79,11023.7,30647.65,5818.5,15464.95,1376.6,2058.15,5010.79,9901.25,209.2
2020-07-07,10799.65,7199.55,22628.0,13771.36,11193.9,30518.2,5803.31,15784.95,1390.0,2022.6,4896.18,9878.0,207.75
2020-07-08,10705.75,7059.35,22584.65,13566.84,11129.25,30773.9,5828.81,15513.65,1368.25,2054.3,4860.27,9948.5,203.7
2020-07-09,10813.45,7085.6,22907.2,13618.07,11305.3,30671.75,5856.42,15535.95,1374.55,2094.3,4868.74,9987.55,204.75
2020-07-10,10768.05,7041.1,22398.45,13393.53,11091.2,30821.15,5892.7,15565.2,1367.85,2078.2,4894.96,10072.25,206.1
2020-07-13,10802.7,7084.45,22089.25,13418.61,10919.9,31214.9,5916.65,15819.2,1376.45,2105.15,4961.31,10106.6,202.8
2020-07-14,10607.35,6916.0,21392.2,13392.61,10652.0,30932.85,5942.71,15640.55,1366.55,2052.45,4916.16,10155.05,199.7
2020-07-15,10618.2,6931.05,21340.75,13359.2,10616.1,31140.45,5975.17,16459.8,1343.45,2055.75,4793.64,10210.75,195.6
2020-07-16,10739.95,7015.9,21597.15,13351.88,10708.3,31182.35,6070.94,16926.05,1321.35,2070.65,4826.21,10382.3,195.6
2020-07-17,10901.7,7137.3,21966.8,13687.09,10915.7,31439.3,6121.4,16821.35,1336.6,2103.0,5042.91,10472.15,196.4
2020-07-20,11022.2,7175.85,22321.85,13857.16,11093.2,31536.35,6045.91,17258.3,1343.9,2106.0,5063.54,10304.6,197.25
2020-07-21,11162.25,7295.75,22782.0,13856.96,11317.9,31280.25,5976.83,17273.2,1360.3,2118.6,5195.12,10153.8,201.1
2020-07-22,11132.6,7203.95,22882.6,14101.87,11290.4,31051.6,5976.49,17076.05,1367.3,2113.95,5177.39,10175.2,199.05
2020-07-23,11215.45,7301.05,23083.9,14277.43,11380.35,31101.9,6079.78,17045.2,1371.45,2131.4,5254.33,10322.15,201.85
2020-07-24,11194.15,7218.65,22662.05,14163.61,11184.9,31018.85,6032.4,17286.0,1348.9,2087.5,5270.3,10237.95,198.4
2020-07-27,11131.8,7186.45,21848.75,13952.02,10909.15,30819.75,5944.77,17626.75,1331.95,2094.4,5274.41,10062.05,195.1
2020-07-28,11300.55,7416.9,22105.2,13901.9,11057.05,30910.9,5984.93,18042.75,1329.25,2141.3,5290.13,10128.05,198.25
2020-07-29,11202.85,7330.25,22076.6,13829.14,10989.95,30948.5,6142.34,17880.5,1326.55,2160.75,5213.63,10441.15,198.3
2020-07-30,11102.15,7287.85,21646.85,13813.04,10795.1,30696.4,6300.58,18003.55,1296.35,2135.15,5129.89,10766.05,198.15
2020-07-31,11073.45,7279.75,21640.05,13888.32,10728.85,30872.45,6496.76,18071.85,1285.1,2147.3,5083.27,11148.9,201.0
2020-08-03,10891.6,7240.25,21072.1,14009.38,10467.2,30759.8,6493.42,17965.8,1271.95,2156.15,5003.97,11128.4,198.55
2020-08-04,11095.25,7353.95,21490.5,14141.25,10706.0,30901.65,6601.83,17808.0,1320.3,2177.35,5114.91,11316.95,202.25
2020-08-05,11101.65,7489.1,21509.95,14372.35,10685.35,30863.6,6578.64,17869.8,1335.35,2263.8,5105.43,11263.75,202.4
2020-08-06,11200.15,7498.25,21642.6,14451.26,10797.35,31287.6,6642.51,18188.75,1336.7,2294.75,5129.2,11403.65,204.6
2020-08-07,11214.05,7554.45,21754.0,14287.5,10823.1,31490.6,6621.51,18004.15,1336.0,2314.35,5161.31,11333.0,203.95
2020-08-10,11270.15,7621.3,21900.25,14351.65,10913.8,31621.75,6950.1,18159.55,1339.75,2332.0,5147.2,11941.4,209.75
2020-08-11,11322.5,7630.35,22227.2,14198.14,11030.2,31767.75,6856.72,18057.1,1366.4,2370.65,5176.51,11772.25,208.6
2020-08-12,11308.4,7785.05,22264.0,14089.55,10996.1,31636.7,6753.86,18066.0,1398.85,2354.8,5171.07,11590.25,207.05
2020-08-13,11300.45,7879.75,22196.35,14335.24,10978.2,31668.15,6699.66,18107.2,1418.15,2380.65,5180.62,11477.95,208.95
2020-08-14,11178.4,7677.65,21679.4,14333.19,10758.45,31237.95,6779.51,18022.65,1399.85,2405.8,5115.07,11640.4,207.1
2020-08-17,11247.1,7865.55,21700.85,14492.87,10783.6,31545.15,6763.65,18223.6,1440.45,2464.25,5113.74,11595.35,209.15
2020-08-18,11385.35,7941.85,22170.6,14734.74,10995.6,31726.15,6757.59,18270.35,1471.6,2507.5,5143.82,11581.7,217.6
2020-08-19,11408.4,7941.35,22285.9,14784.19,11042.35,31586.05,6735.42,18210.85,1550.5,2513.15,5165.79,11537.9,220.35
2020-08-20,11312.2,7911.6,21999.45,14834.73,10897.5,31439.9,6747.11,18126.1,1598.65,2538.9,5186.32,11540.9,221.3
2020-08-21,11371.6,7934.7,22299.6,14961.39,11025.75,31604.4,6782.62,18065.3,1575.9,2523.6,5168.22,11614.9,224.05
2020-08-24,11466.45,7948.4,22833.0,15001.95,11256.6,31642.0,6776.45,18010.95,1586.4,2526.1,5184.5,11572.25,221.8
2020-08-25,11472.25,7983.6,23092.15,15113.06,11358.95,31460.3,6738.63,17973.7,1591.65,2507.5,5173.7,11500.0,217.05
2020-08-26,11549.6,8100.5,23414.2,15085.88,11416.7,31408.45,6728.28,18128.0,1632.15,2527.8,5218.07,11484.55,218.8
2020-08-27,11559.25,8183.0,23600.35,15247.52,11483.4,31314.45,6776.46,18102.65,1640.7,2531.05,5172.9,11588.05,232.8
2020-08-28,11647.6,8111.85,24523.8,15180.2,11720.35,31253.45,6779.95,18122.0,1670.25,2520.35,5192.55,11622.9,233.1
2020-08-31,11387.5,7840.35,23754.35,14714.74,11389.0,30595.15,6482.79,17928.85,1572.5,2420.6,5087.73,11079.8,222.75
2020-09-01,11470.25,7885.95,23812.0,14798.61,11493.6,30988.15,6627.03,17814.05,1594.15,2496.75,5067.02,11339.5,224.5
2020-09-02,11535.0,7976.95,23874.55,14883.7,11490.55,31084.35,6677.9,18076.95,1648.6,2541.35,5136.6,11404.25,225.75
2020-09-03,11527.45,8049.55,23530.85,15324.51,11371.35,31316.85,6722.91,18348.55,1648.7,2527.3,5117.82,11511.85,225.3
2020-09-04,11333.85,7996.55,23011.5,15106.67,11157.75,30828.65,6610.89,18073.95,1645.5,2451.35,5039.85,11281.45,220.05
2020-09-07,11355.05,7957.85,22945.05,15172.44,11143.5,31003.85,6614.69,18176.8,1653.6,2450.05,5022.25,11269.85,218.0
2020-09-08,11317.35,7888.0,22744.4,15093.45,11086.2,30818.45,6525.56,18395.75,1604.0,2376.85,5028.77,11093.2,214.25
2020-09-09,11278.0,7903.1,22267.0,15001.7,10887.6,30633.6,6621.44,18261.5,1622.85,2397.2,5033.23,11304.1,211.05
2020-09-10,11449.25,7945.0,22466.2,15027.03,10968.05,30778.75,6624.16,18395.85,1644.5,2369.8,5240.65,11303.4,212.25
2020-09-11,11464.45,7956.8,22479.95,15135.19,10966.95,30972.25,6633.63,18633.25,1629.95,2384.3,5249.23,11313.3,214.95
2020-09-14,11440.05,8035.35,22101.25,15671.74,10782.65,30760.5,6625.63,19505.1,1658.85,2387.05,5237.32,11233.3,222.95
2020-09-15,11521.8,8033.5,22465.65,15722.28,10925.95,30712.2,6745.91,19627.3,1651.8,2385.55,5273.71,11450.5,221.35
2020-09-16,11604.55,8156.2,22573.55,15799.88,11016.1,30837.55,6863.38,19770.35,1625.5,2396.35,5252.69,11688.55,226.35
2020-09-17,11516.1,8128.65,22320.35,15752.79,10881.15,30651.75,6889.42,19817.7,1629.7,2363.3,5221.69,11735.95,222.5
2020-09-18,11504.95,8161.7,22031.05,15641.35,10746.85,30460.85,7177.96,19827.05,1631.6,2362.2,5221.17,12320.9,226.75
2020-09-21,11250.55,7832.2,21366.8,15177.85,10527.2,29541.75,6907.66,19728.95,1557.95,2240.35,5081.94,11799.55,213.95
2020-09-22,11153.65,7695.25,21139.1,15001.75,10414.85,29312.4,6920.54,19866.1,1517.5,2213.95,4966.03,11876.85,210.0
2020-09-23,11131.85,7690.9,21178.5,15159.96,10426.5,29322.35,6848.12,19805.65,1481.5,2205.25,4952.75,11685.9,211.65
2020-09-24,10805.55,7418.85,20456.85,14800.58,10134.8,29044.95,6694.78,18973.0,1435.45,2111.85,4822.88,11334.6,205.1
2020-09-25,11050.25,7669.5,20982.35,14945.23,10332.25,29633.5,6846.76,19629.35,1484.75,2172.65,4908.07,11595.9,209.4
2020-09-28,11227.55,7902.55,21665.5,15311.68,10591.35,29886.2,6964.95,19783.0,1555.55,2237.0,5000.28,11796.6,215.75
2020-09-29,11222.4,7925.2,21411.3,15495.03,10561.9,29434.8,6931.08,19831.8,1549.7,2280.9,4990.99,11709.5,213.15
2020-09-30,11247.55,7908.1,21451.8,15688.28,10622.4,29841.75,6976.6,19951.3,1547.8,2242.55,4914.8,11772.85,211.9
2020-10-01,11416.95,7966.1,22246.0,15643.06,10949.6,30009.55,6998.71,20110.4,1591.1,2261.25,4920.95,11822.9,215.7
2020-10-05,11503.35,7957.95,22370.95,15609.62,10963.25,30112.15,7085.96,20809.0,1588.25,2318.85,4916.19,12024.0,216.25
2020-10-06,11662.4,8058.1,22853.7,15652.85,11308.9,30054.7,7081.1,20896.75,1617.3,2302.7,4906.81,12009.45,221.85
2020-10-07,11738.85,8170.05,22964.8,15834.61,11340.9,30168.8,7059.96,21017.4,1576.25,2267.75,4907.84,11915.0,217.75
2020-10-08,11834.6,8183.7,23191.35,15824.36,11433.5,30136.05,7201.02,21697.25,1568.4,2272.4,4871.29,12209.2,219.0
2020-10-09,11914.2,8163.5,23846.8,15883.17,11648.45,29923.9,7119.31,21837.6,1554.85,2260.85,4890.82,12043.95,215.45
2020-10-12,11930.95,8102.5,23712.8,15841.75,11589.9,30024.25,7175.94,22202.1,1518.15,2240.85,4850.55,12154.55,213.1
2020-10-13,11934.5,8052.85,23492.2,15736.3,11480.95,29926.7,7076.54,22492.6,1492.9,2249.65,4853.76,11937.1,212.45
2020-10-14,11971.05,8031.05,23874.65,15762.87,11686.65,29959.6,7012.56,22204.05,1496.55,2251.95,4816.26,11857.25,214.7
2020-10-15,11680.35,7935.35,23072.4,15609.92,11341.6,29644.8,6891.66,21567.3,1454.45,2240.95,4741.48,11637.9,209.6
2020-10-16,11762.45,7959.45,23533.25,15825.25,11512.8,29671.05,6987.44,21538.15,1448.85,2329.85,4777.3,11814.1,215.1
2020-10-19,11873.05,7870.35,24266.75,15864.97,11803.75,30068.85,6899.34,21391.9,1425.7,2367.85,4844.03,11616.65,218.35
2020-10-20,11896.8,7896.7,24311.8,15933.79,11820.8,29964.6,6910.64,21694.35,1453.7,2363.35,4789.65,11644.4,226.95
2020-10-21,11937.65,7878.05,24635.05,15954.88,11964.4,29684.1,6903.98,21577.65,1444.85,2416.05,4806.04,11645.7,236.85
2020-10-22,11896.45,7864.15,24484.15,15994.06,11921.35,29715.35,6862.8,21413.5,1455.9,2432.5,4846.33,11545.3,237.7
2020-10-23,11930.35,8094.6,24478.3,16180.01,11947.4,29782.2,6843.26,21523.6,1465.95,2443.0,4857.05,11503.05,235.1
2020-10-26,11767.75,7833.65,24075.45,15949.83,11827.85,29774.65,6749.89,21265.7,1425.75,2357.55,4755.22,11334.2,230.65
2020-10-27,11889.4,7930.65,24769.5,16058.98,12082.1,30163.7,6871.27,21023.4,1445.65,2359.6,4771.95,11511.5,229.0
2020-10-28,11729.6,7922.75,24232.5,15975.72,11802.4,29948.1,6774.33,20810.3,1424.95,2325.4,4729.4,11325.1,224.35
2020-10-29,11670.8,7846.75,24092.0,15732.55,11710.65,29663.45,6722.79,20876.95,1398.55,2307.7,4738.35,11226.0,223.4
2020-10-30,11642.4,7758.4,23900.9,15771.3,11636.05,29428.45,6727.52,20916.85,1419.05,2343.6,4806.91,11243.75,228.2
2020-11-02,11669.15,7732.25,24892.5,15893.37,12089.05,29441.45,6690.87,20732.3,1417.9,2338.9,4646.26,11175.3,235.4
2020-11-03,11813.5,7848.85,25682.8,16066.73,12468.2,29526.35,6787.25,20736.0,1413.25,2391.2,4632.7,11361.0,229.95
2020-11-04,11908.5,7901.75,25771.6,16320.17,12458.25,29612.4,6905.67,21104.55,1415.6,2383.8,4684.29,11608.65,225.7
2020-11-05,12120.3,7995.5,26313.1,16617.13,12659.35,30180.05,6965.03,21385.65,1472.6,2488.65,4820.05,11704.95,224.55
2020-11-06,12263.55,8006.1,26798.95,16712.77,12893.8,30150.65,6918.25,21492.25,1473.4,2500.35,4882.95,11623.35,226.95
2020-11-09,12461.05,8067.65,27534.1,16949.75,13158.25,30453.7,6915.68,21820.15,1473.25,2545.25,4947.95,11674.35,230.3
2020-11-10,12631.1,8127.25,28606.0,16991.96,13698.6,30494.75,6639.55,20978.5,1488.55,2556.7,5035.72,11168.9,235.05
2020-11-11,12749.15,8255.2,28845.0,16738.42,13889.9,30845.6,6858.77,21330.45,1484.55,2645.05,5040.54,11570.35,236.85
2020-11-12,12690.8,8284.05,28278.8,16760.65,13743.35,31240.2,6866.36,21363.35,1494.3,2636.9,5029.78,11600.8,238.6
2020-11-13,12719.95,8308.9,28465.7,16956.13,13779.75,31222.1,6955.25,21436.85,1480.2,2681.0,5057.14,11726.45,241.8
2020-11-14,12780.25,8344.75,28594.3,16969.54,13840.25,31336.1,6988.86,21552.75,1486.95,2694.15,5117.64,11772.45,243.7
2020-11-17,12874.2,8425.55,29181.3,17134.26,14109.35,31291.45,6944.99,21488.55,1467.0,2761.35,5101.72,11690.8,248.35
2020-11-18,12938.25,8686.6,29749.85,17092.62,14301.45,30952.85,6894.08,21314.85,1474.85,2772.5,5123.79,11612.95,253.45
2020-11-19,12771.7,8628.3,28903.05,17191.46,13973.5,31085.2,6882.16,21114.45,1478.65,2752.65,5092.66,11566.6,250.0
2020-11-20,12859.05,8684.75,29236.0,17535.62,14210.5,31454.35,6894.11,21409.25,1465.05,2774.75,5072.94,11526.75,251.3
2020-11-23,12926.45,8738.6,29024.2,17503.55,14059.1,31568.1,7008.6,22007.05,1477.3,2808.6,5190.67,11737.2,253.75
2020-11-24,13055.15,8887.95,29737.25,17524.23,14275.25,31832.2,7069.48,22064.3,1478.0,2839.15,5206.42,11880.8,258.3
2020-11-25,12858.4,8738.45,29196.4,17295.67,14011.7,31441.7,6926.58,21705.9,1472.5,2816.55,5204.29,11635.2,252.5
2020-11-26,12987.0,8767.75,29549.75,17424.27,14237.65,31701.3,7017.34,21859.9,1481.25,2925.05,5194.55,11801.25,254.45
2020-11-27,12968.95,8891.6,29609.05,17832.56,14293.15,31718.8,7056.96,21764.9,1503.15,2925.75,5217.53,11839.15,261.2
2020-12-01,13109.05,8987.15,29817.85,17799.57,14352.05,31705.25,7178.91,22170.85,1530.9,2974.05,5317.4,12045.15,269.9
2020-12-02,13113.75,9093.7,29463.15,18076.99,14187.5,31820.25,7184.0,22319.0,1538.8,3050.2,5398.23,12088.6,277.9
2020-12-03,13133.9,9245.3,29448.75,18234.27,14138.75,31908.65,7233.52,22202.2,1581.9,3126.1,5463.37,12206.95,280.2
2020-12-04,13258.55,9302.2,30052.4,18413.1,14286.45,32356.75,7306.75,22309.8,1583.5,3161.35,5463.15,12353.6,283.4
2020-12-07,13355.75,9311.1,30211.55,18345.24,14360.25,32866.9,7416.81,22440.85,1627.7,3161.2,5522.51,12555.95,282.45
2020-12-08,13392.95,9297.85,30261.9,18311.67,14384.7,32849.85,7357.27,22617.35,1612.5,3122.35,5523.29,12407.3,284.8
2020-12-09,13529.1,9293.3,30709.4,18367.36,14554.3,33125.5,7369.41,22803.45,1673.35,3105.9,5576.84,12443.9,289.0
2020-12-10,13478.3,9200.85,30510.35,18348.08,14450.1,34054.8,7354.28,22755.75,1646.2,3113.05,5537.88,12440.6,290.25
2020-12-11,13513.85,9188.95,30604.85,18433.01,14501.9,34364.85,7322.08,22664.0,1658.7,3146.1,5617.22,12366.0,292.5
2020-12-14,13558.15,9093.1,30745.9,18579.07,14561.5,34411.65,7372.48,22746.7,1691.85,3189.5,5704.83,12459.9,289.9
2020-12-15,13567.85,9149.75,30691.05,18854.94,14673.0,33967.9,7358.9,22715.1,1722.15,3214.15,5652.26,12432.6,289.0
2020-12-16,13682.7,9239.1,30698.4,19327.95,14789.3,34195.85,7418.07,22906.25,1727.35,3271.75,5678.06,12547.5,303.85
2020-12-17,13740.7,9185.2,30847.05,19399.41,14963.55,34013.55,7431.64,22892.25,1693.85,3227.7,5639.36,12602.4,305.65
2020-12-18,13760.55,9168.65,30714.65,19536.28,14879.15,34102.7,7513.82,23256.55,1691.75,3216.6,5607.17,12762.35,303.8
2020-12-21,13328.4,8745.0,29456.45,18828.8,14392.6,33151.1,7260.58,22844.6,1586.85,3038.25,5301.39,12278.15,287.85
2020-12-22,13466.3,8818.6,29625.95,18977.15,14421.6,33329.05,7385.79,23611.6,1598.5,3079.65,5367.29,12550.95,289.15
2020-12-23,13601.1,8935.95,29883.3,19103.75,14517.05,33966.0,7486.88,24167.75,1650.75,3134.1,5394.47,12753.25,300.55
2020-12-24,13749.25,8978.05,30402.2,19262.53,14779.6,34115.65,7561.0,24009.25,1638.15,3144.3,5484.13,12908.95,299.25
2020-12-28,13873.2,9066.85,30880.95,19641.76,14966.45,34181.1,7555.89,24100.3,1654.35,3224.85,5538.03,12874.35,307.0
2020-12-29,13932.6,9043.9,31322.5,19654.89,15120.0,34181.95,7538.49,24274.05,1630.3,3189.85,5535.17,12843.9,306.1
2020-12-30,13981.95,9164.8,31303.05,19729.64,15162.9,34313.7,7534.93,24330.05,1633.0,3230.9,5542.5,12823.9,310.05
2020-12-31,13981.75,9193.5,31264.05,19944.95,15208.0,34177.1,7580.96,24251.35,1648.95,3254.65,5524.05,12915.9,313.85
2021-01-01,14018.5,9272.5,31225.85,19920.61,15184.5,34391.85,7631.19,24456.1,1658.95,3258.85,5542.87,13001.95,316.4
2021-01-04,14132.9,9417.95,31212.45,19985.66,15193.05,34619.7,7694.92,25110.05,1675.6,3424.6,5627.34,13149.8,317.45
2021-01-05,14199.5,9416.05,31722.25,20212.11,15380.55,34720.25,7717.07,25769.15,1686.9,3376.25,5604.06,13166.35,316.35
2021-01-06,14146.25,9379.55,31797.9,20418.53,15393.95,34327.35,7691.19,25419.15,1691.1,3419.8,5595.07,13118.1,318.6
2021-01-07,14137.35,9429.65,31956.0,20516.79,15424.55,34032.35,7660.01,25251.2,1701.2,3550.45,5611.69,13060.75,322.9
2021-01-08,14347.25,9741.25,32084.2,20731.83,15511.15,34276.75,7782.72,26162.4,1756.6,3529.2,5691.37,13271.55,327.5
2021-01-11,14484.75,9995.6,31998.9,20772.66,15605.1,34681.25,7835.53,27027.7,1729.6,3493.9,5686.98,13412.35,329.55
2021-01-12,14563.45,10119.85,32339.0,20625.74,15711.95,34488.65,7755.94,26982.1,1753.4,3509.9,5784.12,13244.7,338.65
2021-01-13,14564.85,10208.55,32574.65,20429.38,15624.05,34617.6,7680.83,27004.3,1759.05,3523.25,5801.69,13122.55,337.6
2021-01-14,14595.6,10238.3,32519.75,20356.13,15608.95,34885.7,7742.29,26965.55,1754.95,3487.4,5873.76,13232.55,337.4
2021-01-15,14433.7,10178.3,32246.8,20070.37,15453.45,34630.05,7638.54,26362.8,1732.6,3449.15,5751.34,13014.25,331.25
2021-01-18,14281.3,9961.1,31811.75,20155.19,15246.15,34502.85,7462.09,25916.25,1693.65,3308.5,5696.07,12653.5,324.55
2021-01-19,14521.15,10136.8,32424.85,20504.35,15614.1,34659.85,7574.29,26043.5,1735.75,3405.2,5778.48,12866.05,338.15
2021-01-20,14644.7,10369.25,32543.7,20640.53,15663.0,34605.35,7583.14,26619.7,1754.2,3437.0,5817.54,12881.2,338.4
2021-01-21,14590.35,10367.75,32186.9,21202.03,15546.7,34494.4,7468.36,26450.15,1718.45,3362.15,5759.9,12697.15,329.75
2021-01-22,14371.9,10515.85,31167.25,20901.37,15141.8,34430.3,7400.12,26489.75,1690.15,3231.45,5671.2,12542.1,320.4
2021-01-25,14238.9,10433.5,31198.4,20792.49,15143.65,34178.6,7501.19,26023.3,1680.05,3236.35,5539.08,12756.75,317.9
2021-01-27,13967.5,10210.25,30284.55,20459.39,14723.9,34281.4,7350.7,25865.3,1669.75,3154.8,5438.57,12495.9,311.0
2021-01-28,13817.55,10105.6,30358.3,20725.72,14602.85,33625.85,7295.73,25301.25,1668.65,3138.1,5456.46,12395.95,304.15
2021-01-29,13634.6,9813.15,30565.5,20159.71,14593.3,33121.05,7167.96,24645.75,1650.1,3077.45,5379.75,12170.25,305.65
2021-02-01,14281.2,10227.95,33089.05,20744.03,15702.45,33689.65,7164.47,24922.7,1706.6,3227.25,5498.95,12103.55,324.95
2021-02-02,14647.85,10638.6,34267.9,21118.41,16208.9,33730.85,7293.66,25447.8,1762.5,3289.1,5618.89,12361.55,337.25
2021-02-03,14789.95,10749.15,34758.45,21285.87,16403.65,33682.35,7479.46,25680.9,1765.15,3344.4,5655.47,12706.65,335.8
2021-02-04,14895.65,10867.1,35344.8,21324.57,16606.9,34507.65,7498.89,25570.05,1801.25,3409.55,5711.51,12739.05,339.0
2021-02-05,14924.25,10723.95,35654.5,21210.35,16724.0,34644.5,7580.26,25331.6,1720.7,3443.15,5665.43,12950.65,341.3
2021-02-08,15115.8,11061.15,35983.65,21554.71,16862.3,34452.25,7593.54,25915.6,1739.3,3552.45,5771.16,12971.0,348.15
2021-02-09,15109.3,10907.6,36056.5,21768.27,16904.9,34231.3,7541.08,25779.15,1706.8,3513.65,5803.37,12812.8,345.8
2021-02-10,15106.5,11010.85,35783.1,21997.24,16869.35,34188.0,7571.28,25885.3,1707.35,3510.85,5803.94,12905.55,351.45
2021-02-11,15173.3,10965.25,35752.1,21940.44,16861.85,34463.75,7575.5,26043.45,1703.3,3546.7,5910.18,12929.8,350.55
2021-02-12,15163.3,10912.25,36108.9,21616.33,17016.3,33928.3,7489.8,26093.8,1687.0,3486.25,5840.24,12785.75,350.6
2021-02-15,15314.7,10956.05,37306.25,21614.35,17504.9,33959.9,7527.75,26001.1,1681.85,3469.95,5839.38,12745.1,355.85
2021-02-16,15313.45,10944.9,37098.4,21615.47,17448.3,33724.5,7575.09,25613.95,1668.9,3570.15,5957.82,12804.15,356.8
2021-02-17,15208.9,10975.45,36910.95,21489.5,17255.6,33519.55,7484.93,25282.95,1705.35,3576.05,5977.48,12584.35,354.5
2021-02-18,15118.95,10827.0,36587.0,21381.96,17000.6,33373.9,7421.87,25618.55,1692.2,3623.05,6160.97,12517.5,352.65
2021-02-19,14981.75,10540.35,35841.6,21184.7,16747.1,33336.8,7307.99,25503.2,1677.65,3552.1,6117.9,12347.4,348.05
2021-02-22,14675.7,10300.0,35257.2,20826.63,16479.2,32891.7,7155.68,24766.45,1620.25,3609.1,6003.92,12032.3,338.3
2021-02-23,14707.8,10379.55,35116.95,21017.54,16394.8,33025.95,7162.0,24807.8,1622.7,3749.55,6089.25,12029.5,347.45
2021-02-24,14982.0,10405.5,36452.3,21242.55,16951.45,33091.7,7183.61,24779.4,1646.15,3778.65,6145.79,12035.85,350.45
2021-02-25,15097.35,10497.95,36549.0,21447.2,16919.3,33001.8,7239.13,24872.45,1668.15,3928.6,6362.59,12141.7,356.35
2021-02-26,14529.15,10169.9,34803.6,21012.35,16085.25,32443.15,7135.57,24301.45,1625.15,3822.65,6164.5,11927.9,349.8
2021-03-01,14761.55,10411.8,35296.0,21287.53,16372.85,32797.65,7238.57,24556.3,1695.2,3896.95,6279.56,12092.7,354.45
2021-03-02,14919.1,10744.05,35419.7,21619.2,16398.6,33250.9,7319.99,25301.85,1708.9,3927.6,6346.68,12257.3,357.1
2021-03-03,15245.6,10673.1,36368.05,21794.54,16854.4,33454.4,7379.32,25772.65,1719.75,4058.6,6498.01,12379.6,362.45
2021-03-04,15080.75,10625.75,35802.5,21821.98,16550.6,33443.8,7371.88,25631.85,1747.25,3976.85,6471.81,12351.75,362.85
2021-03-05,14938.1,10524.4,35228.15,21559.36,16345.95,33360.3,7266.17,25229.6,1732.15,3869.4,6481.65,12192.75,357.7
2021-03-08,14956.2,10507.35,35275.75,21531.33,16285.45,33190.35,7295.58,25347.95,1749.7,3900.8,6570.59,12239.85,353.95
2021-03-09,15098.4,10464.25,35865.65,21551.25,16649.75,33215.85,7251.83,25582.35,1724.75,3802.7,6468.19,12133.85,350.1
2021-03-10,15174.8,10559.3,35938.3,21821.2,16689.7,33402.75,7329.69,26010.1,1730.1,3873.65,6429.37,12313.25,352.25
2021-03-12,15030.95,10383.9,35496.65,21819.88,16506.35,33068.5,7281.77,25888.25,1715.2,3840.2,6416.8,12184.25,349.35
2021-03-15,14929.5,10335.1,35182.55,21801.74,16301.25,33058.85,7214.61,26032.05,1690.55,3880.05,6370.45,12024.5,347.95
2021-03-16,14910.45,10350.8,34804.6,21687.81,16167.15,33351.75,7235.99,26363.85,1689.25,3847.25,6353.44,12013.0,346.0
2021-03-17,14721.3,10159.1,34229.25,21253.84,15977.4,33194.6,7096.12,26183.5,1638.9,3752.7,6169.18,11787.5,335.75
2021-03-18,14557.85,10143.95,33856.8,21115.68,15848.6,33222.6,6956.38,25373.35,1638.5,3754.35,6087.89,11514.45,330.8
2021-03-19,14744.0,10186.5,34161.6,21223.03,15985.35,34028.35,7026.11,25562.75,1653.95,3832.5,6190.49,11667.1,329.05
2021-03-22,14736.4,10140.45,33603.45,21112.39,15802.25,34608.0,7112.85,26035.35,1637.65,3867.45,6219.06,11850.75,337.95
2021-03-23,14814.75,10187.65,34184.4,21167.98,15944.4,34473.75,7159.38,26105.7,1632.85,3841.95,6251.88,11907.2,341.5
2021-03-24,14549.4,9925.25,33293.25,20856.92,15604.45,33987.1,7146.66,25802.95,1592.35,3717.55,6164.66,11916.3,331.45
2021-03-25,14324.9,9651.35,33006.45,20451.02,15474.75,33213.15,7074.38,25237.1,1543.65,3718.3,6011.38,11816.8,323.15
2021-03-26,14507.3,9771.5,33318.2,20950.77,15717.2,33818.45,7118.01,25385.1,1544.5,3855.3,6064.39,11883.2,328.6
2021-03-30,14845.1,9865.0,33875.1,21264.75,16037.85,34578.85,7294.99,26121.1,1547.35,3963.0,6141.64,12206.6,328.5
2021-03-31,14690.7,9862.45,33303.9,21390.93,15715.6,34931.7,7328.48,25855.0,1545.35,3977.2,6147.95,12272.6,334.15
2021-04-01,14867.35,10022.6,33858.0,21445.35,15909.25,34874.55,7386.47,25980.4,1580.4,4189.15,6283.58,12377.1,335.8
2021-04-05,14637.8,9768.05,32678.85,21012.73,15392.1,34304.55,7400.64,26491.35,1532.4,4226.4,6230.78,12331.5,324.45
2021-04-06,14683.5,9781.35,32501.35,21054.49,15394.85,34619.85,7542.36,26532.2,1527.15,4286.95,6237.03,12548.6,328.25
2021-04-07,14819.05,9937.0,32991.2,21190.04,15577.55,34835.3,7616.85,26831.0,1538.95,4325.45,6243.95,12616.35,331.4
2021-04-08,14873.8,9959.35,32782.85,21602.68,15525.15,34983.05,7637.21,27148.4,1544.35,4494.95,6207.64,12611.7,334.1
2021-04-09,14834.85,9922.95,32448.05,21674.34,15412.5,35253.1,7825.97,27367.05,1556.95,4467.3,6228.94,12995.35,332.05
2021-04-12,14310.8,9415.65,30792.0,20607.34,14711.0,34561.35,7789.63,26727.8,1430.85,4196.0,5932.82,12961.85,307.15
2021-04-13,14504.8,9818.3,31771.6,20748.04,15209.15,34720.35,7717.1,25851.3,1457.05,4337.9,6052.97,12807.5,315.65
2021-04-15,14581.45,9691.45,32112.85,20777.65,15387.4,34658.6,7800.45,26010.85,1447.4,4397.45,6130.98,12987.05,314.45
2021-04-16,14617.85,9808.95,31977.45,20948.67,15362.25,34853.15,7942.87,26324.9,1474.4,4434.0,6153.24,13234.25,313.05
2021-04-19,14359.45,9532.15,31208.4,20625.32,15006.55,34519.0,7964.79,26236.9,1435.5,4366.1,6038.84,13256.25,300.3
2021-04-20,14296.4,9630.7,31112.7,20684.6,14922.1,34296.5,8061.98,25877.6,1479.3,4384.4,6044.96,13426.9,301.25
2021-04-22,14406.15,9644.55,31782.6,20430.09,15239.5,34043.05,8026.1,25826.7,1506.55,4460.9,6081.97,13378.95,305.15
2021-04-23,14341.35,9596.95,31722.3,20348.13,15238.25,33726.1,7994.68,25609.1,1513.65,4446.85,6085.22,13319.75,301.8
2021-04-26,14485.0,9641.45,32275.15,20561.31,15436.9,33865.7,7936.11,25680.3,1516.05,4536.3,6122.87,13203.85,312.05
2021-04-27,14653.05,9708.2,32735.35,20934.93,15589.25,34009.35,7991.2,25815.75,1541.8,4659.25,6191.16,13296.75,314.3
2021-04-28,14864.55,9871.5,33722.8,21126.43,16039.75,34129.15,7972.67,25962.1,1557.95,4645.05,6205.92,13252.95,312.45
2021-04-29,14894.9,9773.7,33714.5,20994.79,16047.05,34009.0,7995.46,25874.3,1553.55,4855.3,6228.25,13298.65,312.2
2021-04-30,14631.1,9640.85,32781.8,20832.98,15560.1,33623.45,8069.03,25664.45,1547.95,4847.95,6265.34,13469.25,309.6
2021-05-03,14634.15,9662.95,32465.75,20540.95,15529.2,33994.2,8122.88,25676.05,1527.1,4952.45,6257.51,13507.45,307.65
2021-05-04,14496.5,9577.7,32270.35,20331.14,15401.6,33822.75,7990.74,25489.0,1525.65,4921.65,6269.14,13234.75,306.25
2021-05-05,14617.85,9643.05,32783.7,20511.51,15556.9,33898.0,8273.37,25786.95,1532.25,4970.15,6317.17,13779.7,303.2
2021-05-06,14724.8,9815.1,32827.8,20605.59,15654.7,34048.5,8250.83,26258.7,1552.95,5095.0,6386.23,13747.75,305.35
2021-05-07,14823.15,9819.45,32904.5,20513.65,15771.05,34123.5,8266.57,26269.45,1567.0,5335.85,6424.42,13747.1,307.65
2021-05-10,14942.35,9973.05,33142.4,20521.78,15904.75,34204.25,8459.94,26273.45,1606.55,5503.35,6489.76,14131.85,310.05
2021-05-11,14850.75,9995.1,32872.2,20583.63,15699.9,34129.3,8427.3,26106.7,1619.2,5452.65,6619.5,14066.65,310.95
2021-05-12,14696.5,10013.65,32452.3,20448.84,15507.35,34057.4,8397.39,25855.45,1629.8,5290.45,6536.75,14065.05,310.35
2021-05-14,14677.8,9810.45,32169.55,20512.54,15412.35,34781.5,8280.72,25588.2,1604.35,5091.35,6416.08,13885.5,300.45
2021-05-17,14923.15,10001.7,33459.25,20665.17,15905.2,34807.4,8278.96,25703.55,1595.85,5207.75,6508.37,13858.7,304.65
2021-05-18,15108.1,10324.0,33922.4,21216.3,16140.15,34741.45,8275.87,25958.25,1622.65,5294.4,6616.18,13832.4,307.2
2021-05-19,15030.15,10249.1,33685.2,21317.87,15981.45,34729.7,8367.68,25982.8,1655.2,5245.95,6618.82,14001.35,313.8
2021-05-20,14906.05,10226.4,33334.55,21357.82,15832.4,34475.6,8354.5,25894.45,1651.3,5077.35,6547.07,13970.2,317.0
2021-05-21,15175.3,10312.4,34606.9,21339.17,16339.85,34690.55,8389.73,26105.3,1667.6,5099.15,6591.0,13993.7,320.65
2021-05-24,15197.7,10315.75,34943.6,21304.91,16444.6,34572.5,8441.19,26144.2,1687.55,5068.6,6652.18,14034.65,325.0
2021-05-25,15208.45,10384.3,34662.0,21561.68,16327.9,34780.85,8443.79,26393.9,1741.0,5099.4,6644.01,14090.1,326.2
2021-05-26,15301.45,10437.8,34684.2,21597.28,16413.3,34815.7,8475.65,26857.3,1773.5,5004.75,6655.16,14127.25,335.45
2021-05-27,15337.85,10486.0,35095.05,21874.09,16438.9,34812.3,8452.12,27164.8,1791.05,5043.3,6664.18,14100.05,331.45
2021-05-28,15435.65,10510.25,35141.45,21756.82,16495.3,34890.5,8354.15,27122.8,1785.75,5055.75,6776.45,13934.1,331.6
2021-05-31,15582.8,10491.85,35526.65,21958.99,16663.65,35243.1,8415.23,27115.05,1761.45,5161.8,6887.25,14051.75,336.15
2021-06-01,15574.85,10457.85,35337.2,21912.82,16646.0,35241.2,8433.75,27144.4,1767.0,5121.65,6970.51,14058.05,334.4
2021-06-02,15576.2,10647.75,35373.75,22060.91,16621.35,35058.6,8492.19,26939.65,1770.55,5233.3,7097.99,14151.85,339.25
2021-06-03,15690.35,10647.65,35649.0,22903.22,16780.65,35266.5,8502.26,26987.9,1799.65,5268.05,7184.12,14114.4,352.1
2021-06-04,15670.25,10735.75,35291.65,22743.35,16744.2,35138.0,8487.59,26996.75,1817.95,5339.15,7241.06,14101.55,353.8
2021-06-07,15751.65,10806.55,35443.65,22826.4,16702.85,35375.35,8490.34,27295.65,1839.1,5315.5,7324.21,14069.0,352.8
2021-06-08,15740.1,10873.9,35085.3,22834.79,16576.0,35672.45,8578.71,27623.8,1854.75,5258.9,7326.68,14189.85,355.8
2021-06-09,15635.35,10734.4,34800.5,22846.46,16467.35,35588.95,8545.65,27539.0,1815.8,5209.45,7196.14,14118.9,349.9
2021-06-10,15737.75,10722.7,35131.2,23022.53,16667.25,35731.3,8665.72,27798.0,1900.1,5265.2,7224.3,14313.9,361.6
2021-06-11,15799.35,10765.5,35047.4,22963.49,16639.4,35646.95,8736.64,28217.5,1881.8,5406.8,7263.51,14464.05,357.85
2021-06-14,15811.85,10753.1,34950.6,23025.78,16581.7,35659.95,8746.87,28314.1,1869.85,5371.6,7259.82,14449.6,352.4
2021-06-15,15869.25,10754.4,35247.75,23098.1,16676.8,35921.5,8675.54,28377.85,1907.3,5368.95,7267.2,14322.65,357.05
2021-06-16,15767.55,10669.45,35003.5,22871.75,16576.65,36131.25,8629.15,28448.85,1886.5,5216.2,7191.5,14215.7,352.55
2021-06-17,15691.4,10523.0,34605.4,22825.5,16409.55,36183.55,8539.76,28611.35,1865.95,5095.1,7147.06,14081.6,346.75
2021-06-18,15683.35,10443.75,34558.0,22870.33,16419.25,36287.15,8498.02,28445.6,1853.95,5048.65,7034.49,14030.6,343.85
2021-06-21,15746.5,10401.15,34871.3,22946.79,16534.65,36377.6,8538.45,28367.0,1863.4,5105.2,7104.97,14082.95,351.85
2021-06-22,15772.75,10540.45,34745.0,23039.77,16509.3,36299.65,8548.66,28523.55,1864.75,5119.4,7140.79,14095.0,349.45
2021-06-23,15686.95,10588.5,34574.0,23246.22,16430.45,36188.75,8516.17,28258.5,1855.6,5061.8,7061.59,14018.05,348.2
2021-06-24,15790.45,10618.45,34827.0,23223.45,16520.3,36242.55,8495.59,29048.0,1834.5,5090.9,6942.51,13967.95,345.55
2021-06-25,15860.35,10706.8,35364.65,23081.65,16722.35,36006.55,8607.62,29210.55,1835.75,5223.95,6861.79,14069.6,346.55
2021-06-28,15814.7,10709.9,35359.45,23083.9,16667.4,36054.45,8708.25,29068.55,1824.05,5290.8,6842.34,14247.6,346.7
2021-06-29,15748.45,10612.25,35010.3,22945.55,16545.7,36234.55,8772.75,28986.25,1811.8,5226.05,6776.38,14330.2,345.45
2021-06-30,15721.5,10600.35,34772.2,22999.27,16444.1,36093.2,8791.88,29168.0,1797.5,5215.8,6762.85,14308.9,343.95
2021-07-01,15680.0,10687.7,34684.0,23001.7,16376.85,36234.9,8850.4,29003.1,1794.75,5207.4,6748.14,14442.45,342.8
2021-07-02,15722.2,10685.5,34809.9,23273.44,16438.3,36216.7,8915.53,29007.95,1805.1,5130.05,6753.34,14529.65,344.6
2021-07-05,15834.35,10746.45,35212.0,23421.37,16610.85,36390.9,8921.53,28950.6,1820.5,5189.6,6782.27,14528.5,354.0
2021-07-06,15818.25,10559.7,35579.15,23355.4,16771.9,36238.5,8871.51,28649.4,1832.7,5172.7,6768.62,14406.95,352.8
2021-07-07,15879.65,10552.5,35771.3,23206.48,16874.45,36447.05,8891.51,28734.65,1829.5,5286.45,6733.44,14453.2,359.7
2021-07-08,15727.9,10456.0,35274.1,23191.27,16669.1,36179.1,8794.28,28748.95,1808.0,5170.5,6703.64,14269.3,357.65
2021-07-09,15689.8,10420.3,35071.95,23174.8,16590.0,36184.4,8844.29,28662.2,1824.95,5273.6,6671.96,14360.2,366.15
2021-07-12,15692.6,10438.2,35198.9,23279.69,16606.15,36176.65,8856.0,28532.35,1821.45,5262.55,6665.06,14372.2,379.35
2021-07-13,15812.35,10497.8,35673.4,23352.41,16852.15,36110.3,8884.19,28439.75,1810.75,5295.6,6711.33,14460.05,380.8
2021-07-14,15853.95,10467.9,35668.25,23297.15,16823.05,36073.2,8909.9,29339.85,1814.25,5299.95,6656.91,14507.0,377.2
2021-07-15,15924.2,10426.0,35907.65,23344.99,16926.3,36182.95,8892.89,29718.05,1807.85,5335.4,6606.8,14467.45,393.05
2021-07-16,15923.4,10428.45,35751.8,23533.97,16884.1,36253.55,8974.75,29400.25,1800.9,5391.3,6644.87,14635.05,397.55
2021-07-19,15752.4,10310.9,35079.2,23409.56,16555.75,36180.4,9004.93,29264.0,1791.45,5317.85,6603.26,14669.9,399.25
2021-07-20,15632.1,10222.2,34415.45,23277.96,16293.1,36230.25,8908.01,29252.5,1745.3,5193.65,6558.84,14479.2,389.15
2021-07-22,15824.05,10235.8,34677.3,23721.31,16499.2,36263.6,8975.45,29779.95,1771.4,5348.95,6655.42,14575.4,395.95
2021-07-23,15856.05,10201.35,35034.4,23610.59,16611.05,36558.65,8978.93,29894.3,1754.0,5353.8,6650.22,14597.85,401.05
2021-07-26,15824.45,10137.95,34949.7,23800.59,16574.85,36486.75,9038.47,29940.4,1759.55,5387.4,6605.37,14652.55,397.2
2021-07-27,15746.45,10094.35,34797.45,23804.33,16529.15,36360.8,8754.07,29892.55,1751.0,5465.9,6563.47,14018.65,394.3
2021-07-28,15709.4,10000.4,34532.9,23665.84,16444.75,36360.35,8699.28,29954.15,1746.65,5532.8,6534.7,13964.75,391.2
2021-07-29,15778.45,9956.65,34691.5,23755.72,16513.6,35990.05,8675.98,30371.4,1761.7,5810.75,6546.75,13920.35,397.5
2021-07-30,15763.05,10048.5,34584.35,23855.96,16468.65,36051.9,8923.04,30480.05,1796.0,5770.35,6526.35,14425.3,398.65
